variable,count,mean,std,min,25%,50%,75%,max,original
dummy1,1000.0,-4.484337394394705e-05,0.011001854649149153,-0.0360842930562199,-0.007566550236238475,-0.0002419141219345,0.0076569650464621,0.0331894649567203,-0.0206990766895387
dummy2,1000.0,-0.00011097212379117979,0.009896268967176809,-0.0298888510215036,-0.0065340797642085505,-1.5340313279210704e-05,0.0064082172418018,0.0442302148861735,0.0003879907514381
x1,1000.0,-0.11437848181989409,3.0294731241009667,-9.654271876196816,-2.10433955771072,-0.008728595025245,1.8389245475174216,28.20638039868457,28.20638039868457
x2,1000.0,0.1730474698169246,8.033102495288237,-25.623618427762192,-4.915710475411694,-0.04052766920787495,5.181399793065775,75.05207797322439,75.05207797322439
x3,1000.0,0.06470849888127364,1.9429366137981317,-5.935901376612712,-1.2309044211073505,0.001184963433217,1.3188540031720901,17.753929480951538,17.753929480951538
